{"cameraMode":{"drawMode":0,"name":"Shaded","section":"Shading Mode"},"sceneLighting":true,"audioPlay":false,"sceneViewState":{"m_AlwaysRefresh":false,"showFog":true,"showSkybox":true,"showFlares":true,"showImageEffects":true,"showParticleSystems":true,"showVisualEffectGraphs":true,"m_FxEnabled":true},"in2DMode":false,"pivot":{"x":5.318721294403076,"y":13.168187141418457,"z":-98.36044311523438},"rotation":{"x":0.07042405009269715,"y":-0.02244253270328045,"z":0.00158497819211334,"w":0.9972659349441528},"size":0.0606236606836319,"orthographic":false}